Book Name,Author, Microelectronics, 2nd Edition
Microelectronic Circuits, Adel S. Sedra, Kenneth C. Smith, 7th Edition
Microelectronic Circuits, Adel S. Sedra, Microelectronics, 6th Edition
Microelectronic Circuits, Adel S. Sedra,Revised Edition,2nd Edition
Microelectronic Circuits, Adel S. Sedra, Microelectronics, 4th Edition
Microelectronic Circuits, Adel S. Sedra, Microelectronics, 3rd Edition
Signals and Systems, Alan V. Oppenheim, Signals and Systems, 2nd Edition
Signals and Systems, Alan V. Oppenheim, Signals and Systems, 2nd Edition
Electric Power Systems: A Conceptual Introduction, Alexandra von Meier, Electric Power Systems, 2nd Edition
Electrical Engineering: Principles and Applications, Allan R. Hambley, Electrical Engineering, 7th Edition
Power Electronics: Converters, Applications, Power Electronics, 3rd Edition
Power Electronics: Converters, Applications, and Design, 1st Edition
Linear Systems and Signals, B. P. Lathi, Linear Systems, 2nd Edition
Linear Systems and Signals, B. P. Lathi, Linear Systems, 1st Edition
Modern Digital and Analog Communication Systems, B. P. Lathi, Communication Systems, 5th Edition
Power System Protection and Switchgear, Badri Ram, Power Systems, 5th Edition
Solid State Electronic Devices, Ben G. Streetman,Semiconductor Devices, 3rd Edition
Fundamentals of Electric Circuits, Charles K. Alexander,circuit, 9th Edition
Fundamentals of Electric Circuits, Charles K. Alexander, Matthew N. O. Sadiku, 5th Edition
Digital Control System Analysis and Design, Charles L. Phillips, H. Troy Nagle, 6th Edition
Electric Machines and Drives: Principles, Control, Modeling, 5th Edition
Modern Power System Analysis, D. P. Kothari,Power Systems, 4th Edition
Analysis and Design of Digital Integrated Circuits, David A. Hodges, Horace G. Jackson, 0th Edition
Analog Integrated Circuit Design, David A. Johns, Analog Circuits, 3rd Edition
Introduction to Mechatronics and Measurement Systems, David G. Alciatore, Mechatronics, 4th Edition
Introduction to Electrodynamics, David J. Griffiths, Electromagnetics, 4th Edition
Field and Wave Electromagnetics, David K. Cheng, Electromagnetics, 2nd Edition
Power Electronics: Circuits, Devices, and Applications, 3rd Edition
Microelectronics: Circuit Analysis and Design, Donald A. Neamen, Microelectronics, 4th Edition
Semiconductor Physics and Devices: Basic Principles, Donald A. Neamen, Semiconductor Devices, 4th Edition
Electromagnetics for Engineers, Fawwaz T. Ulaby, Electromagnetics, 6th Edition
Fundamentals of Applied Electromagnetics, Fawwaz T. Ulaby, Electromagnetics, 3rd Edition
Fundamentals of Applied Electromagnetics, Fawwaz T. Ulaby, Electromagnetics, 8th Edition
Network Analysis and Synthesis, Franklin F. Kuo, Network Analysis, 2nd Edition
Electromagnetic Compatibility Engineering, Henry W. Ott, Electromagnetic Compatibility, 1st Edition
Control Systems Engineering, I. J. Nagrath, Control Systems, 3rd Edition
Control Systems: Engineering, I. J. Nagrath, Control Systems, 9th Edition
Power System Analysis and Design, J. Duncan Glover, Power Systems, 6th Edition
Power System Analysis and Design, J. Duncan Glover, Thomas Overbye, 8th Edition
Power System Analysis and Design, J. Duncan Glover, Power Systems, 3rd Edition
Power System Analysis and Design, J. Duncan Glover, Mulukutla S. Sarma, 4th Edition
Power System Analysis and Design, J. Duncan Glover, Power Systems, 3rd Edition
Power System Analysis and Design, J. Duncan Glover, Power Systems, 2nd Edition
Introduction to Electric Circuits, James A. Svoboda, Electric Circuits, 9th Edition
Introduction to Robotics: Mechanics and Control, John J. Craig, Robotics, 5th Edition
Power System Analysis, John J. Grainger,Power Systems, 4th Edition
Principles of Electronic Communication Systems, Louis E. Frenzel Jr., Communication Systems, 4th Edition
Digital Design: With an Introduction to the Verilog HDL, M. Morris Mano, Digital Design, 6th Edition
Digital Design: With an Introduction to the Verilog HDL, M. Morris Mano, Digital Design, 5th Edition
Digital Design: With an Introduction to the Verilog HDL, M. Morris Mano, Digital Design, 4th Edition
Digital Design: With an Introduction to the Verilog HDL, M. Morris Mano, Digital Design, 3rd Edition
Digital Design: With an Introduction to the Verilog HDL, M. Morris Mano, Digital Design, 2nd Edition
Digital Design: With an Introduction to the Verilog HDL, M. Morris Mano, Digital Design, 1st Edition
Principles of Electromagnetics, Matthew N. O. Sadiku, Electromagnetics, 7th Edition
Electric Energy: An Introduction, Mohamed A. El-Sharkawi, Electric Power Systems, 1st Edition
Electric Energy: An Introduction, Mohamed A. El-Sharkawi, Electric Power Systems, 2nd Edition
Electric Power Systems: A First Course, Ned Mohan, Power Systems, 2nd Edition
Power Electronics: A First Course, Ned Mohan, Power Electronics, 1st Edition
Control Systems Engineering, Norman S. Nise, Control Systems, 7th Edition
Control Systems Engineering, Norman S. Nise, Control Systems, 6th Edition
Control Systems Engineering, Norman S. Nise, Control Systems, 5th Edition
Control Systems Engineering, Norman S. Nise, Control Systems, 4th Edition
Control Systems Engineering, Norman S. Nise, Control Systems, 3rd Edition
Control Systems Engineering, Norman S. Nise, Control Systems, 2nd Edition
Electric Energy Systems Theory: An Introduction, Olle I. Elgerd, Electric Power Systems, 2nd Edition
Principles of Electric Machines and Power Electronics, P.C. Sen, Electrical Machines, 3rd Edition
Principles of Electric Machines and Power Electronics, P.C. Sen, Electrical Machines, 2nd Edition
Principles of Electric Machines and Power Electronics, P.C. Sen, Electrical Machines, 1st Edition
Principles of Electric Machines and Power Electronics, P.C. Sen, Electrical Machines, 1st Edition
Principles of Electric Machines and Power Electronics, P.C. Sen, Electrical Machines, 1st Edition
Electromagnetic Fields and Waves, Paul Lorrain, Electromagnetics, 8th Edition
Analysis and Design of Analog Integrated Circuits, Paul R. Gray, Paul J. Hurst, 5th Edition
Introduction to Electric Circuits, Richard C. Dorf, Electric Circuits, 2nd Edition
Introduction to Electric Circuits, Richard C. Dorf,  Electric Circuits,2nd Edition
Modern Control Systems, Richard C. Dorf, Control Systems, 7th Edition
Microelectronic Circuit Design, Richard C. Jaeger, Microelectronics, 9th Edition
Electronic Devices and Circuit Theory, Robert L. Boylestad, Electronic Devices, 8th Edition
Fundamentals of Power Electronics, Robert W. Erickson, Power Electronics, 2nd Edition
Digital Systems: Principles and Applications, Ronald J. Tocci, Neal S. Widmer, 9th Edition
Communication Systems, Simon Haykin, Communication Systems, 2nd Edition
Fundamentals of Digital Logic with Verilog Design, Stephen D. Brown, Digital Design, 6th Edition
Electric Machinery Fundamentals, Stephen J. Chapman, Electrical Machines, 5th Edition
Electric Machinery Fundamentals, Stephen J. Chapman, Electrical Machines, 4th Edition
Electric Machinery Fundamentals, Stephen J. Chapman, Electrical Machines, 3rd Edition
Electric Machinery Fundamentals, Stephen J. Chapman, Electrical Machines, 2nd Edition
Electric Machinery Fundamentals, Stephen J. Chapman, Electrical Machines, 1st Edition
Electric Machinery Fundamentals, Stephen J. Chapman, Electrical Machines, 1st Edition
Engineering Circuit Analysis, William H. Hayt Jr., Jack E. Kemmerly, 4th Edition
Engineering Electromagnetics, William H. Hayt Jr., Electromagnetics, 3rd Edition
The Stranger,Albert Camus,Existential Novel,3rd Edition
Brave New World,Aldous Huxley,Science Fiction,1st Edition
The Count of Monte Cristo,Alexandre Dumas,Historical Adventure,Revised Edition
The Little Prince,Antoine de Saint-Exupéry,Novella,Revised Edition
Dracula,Bram Stoker,Gothic Horror,2nd Edition
A Tale of Two Cities,Charles Dickens,Historical Novel,2nd Edition
Great Expectations,Charles Dickens,Classic,2nd Edition
The Divine Comedy,Dante Alighieri,Epic Poetry,Revised Edition
The Hitchhiker's Guide to the Galaxy,Douglas Adams,Science Fiction,1st Edition
Wuthering Heights,Emily Brontë,Romantic Novel,3rd Edition
The Old Man and the Sea,Ernest Hemingway,Novella,3rd Edition
The Old Man and the Sea,Ernest Hemingway,Novella,3rd Edition
The Sun Also Rises,Ernest Hemingway,Novel,3rd Edition
Crime and Punishment,Fyodor Dostoevsky,Psychological Fiction,1st Edition
The Brothers Karamazov,Fyodor Dostoevsky,Philosophical Novel,Revised Edition
One Hundred Years of Solitude,Gabriel García Márquez,Magical Realism,1st Edition
The Canterbury Tales,Geoffrey Chaucer,Poetry,Revised Edition
1984,George Orwell,Fiction, 2nd Edition
Animal Farm,George Orwell,Satire,Revised Edition
To Kill a Mockingbird,Harper Lee,Fiction,1st Edition
Moby-Dick,Herman Melville,Adventure,Revised Edition
The Odyssey,Homer,Classic Epic,Revised Edition
The Hobbit,J.RTolkien,Fantasy,2nd Edition
The Hobbit,J.RTolkien,Fantasy,2nd Edition
The Lord of the Rings,J.RTolkien,Fantasy,Box Set Edition
The Catcher in the Rye,JSalinger,Fiction,3rd Edition
The Call of the Wild,Jack London,Adventure Novel,Revised Edition
Ulysses,James Joyce,Modernist Novel,2nd Edition
Pride and Prejudice,Jane Austen,Classic,5th Edition
Of Mice and Men,John Steinbeck,Novella,Revised Edition
The Grapes of Wrath,John Steinbeck,Fiction,3rd Edition
The Grapes of Wrath,John Steinbeck,Fiction,3rd Edition
Heart of Darkness,Joseph Conrad,Literary Fiction,Revised Edition
Anna Karenina,Leo Tolstoy,Russian Literature,4th Edition
War and Peace,Leo Tolstoy,Historical Fiction,4th Edition
Gone with the Wind,Margaret Mitchell,Historical Fiction,Revised Edition
The Adventures of Huckleberry Finn,Mark Twain,Adventure,2nd Edition
The Adventures of Tom Sawyer,Mark Twain,Adventure,1st Edition
Frankenstein,Mary Shelley,Science Fiction,Revised Edition
Don Quixote,Miguel de Cervantes,Adventure Novel,Revised Edition
The Scarlet Letter,Nathaniel Hawthorne,Romance,Revised Edition
The Great GatsbyScott Fitzgerald,Novel,2nd Edition,2nd Edition
The Picture of Dorian Gray,Oscar Wilde,Philosophical Fiction,3rd Edition
The Alchemist,Paulo Coelho,Fiction,25th Anniversary Edition
Fahrenheit 451,Ray Bradbury,Dystopian,2nd Edition
Les Misérables,Victor Hugo,Historical Novel,Revised Edition
Lolita,Vladimir Nabokov,Fiction,Revised Edition
The Sound and the Fury,William Faulkner,Modernist Novel,2nd Edition
Lord of the Flies,William Golding,Psychological Novel,2nd Edition
Jane Eyre,sdsf,fg,rt
ibaad,koni,sex,2024
